{"name":"t:sections.header.name","type":"header","sections":{"announcement-bar":{"type":"announcement-bar","blocks":{"announcement-bar-0":{"type":"announcement","settings":{"text":"Welcome to our store","link":""}}},"block_order":["announcement-bar-0"],"settings":{"auto_rotate":false,"change_slides_speed":5,"color_scheme":"scheme-1","show_line_separator":true,"show_social":false,"enable_country_selector":false,"enable_language_selector":false}},"header":{"type":"header","blocks":{"mega_menu_8GqxeF":{"type":"mega_menu","settings":{"title":"Mega Menu","menu":"main-menu"}}},"block_order":["mega_menu_8GqxeF"],"settings":{"color_scheme":"background-1","Custom-sticky-header":true,"Custom-hide-on-scroll":true,"Custom-logo-width":100,"Custom-logo-width-mobile":80,"Custom-menu":"main-menu","Custom-mobile-menu":"main-menu","Custom-dropdown-mode":"hover","Custom-text-font":"heading","Custom-enable-search":true,"Custom-desktop-layout":"logo-left-inline","Custom-sidebar-color-scheme":"light","Custom-sidebar-text-font":"heading","Custom-sidebar-dividers":true,"Custom-sidebar-open-submenus":false,"Custom-show-country-selector":false,"Custom-show-country-name":true,"Custom-show-country-flag":true,"Custom-show-language-selector":false,"Custom-header-height":110,"Custom-header-reduced-height":60,"Custom-mega-menu-trigger":"CATALOG"}}},"order":["announcement-bar","header"]}